<module name="Checker">
  <module name="JavadocType">
    <property name="scope" value="private"/>
    <property name="excludescope" value="package"/>
  </module>
  <module name="JavadocMethod">
    <property name="scope" value="public"/>
  </module>
  <module name="TreeWalker">
    <module name="ConstantName"/>
    <module name="MemberName"/>
    <module name="MethodName"/>
    <module name="ParameterName"/>
    <module name="TypeName"/>
    <module name="FileLength">
      <property name="max" value="1500"/>
    </module>
    <module name="MethodLength">
      <property name="tokens" value="METHOD_DEF"/>
      <property name="max" value="50"/>
      <property name="countEmpty" value="false"/>
    </module>
    <module name="ParameterNumber">
      <property name="max" value="10"/>
      <property name="tokens" value="METHOD_DEF"/>
    </module>
    <module name="LineLength">
      <property name="max" value="120"/>
    </module>
    <module name="AvoidStarImport"/>
    <module name="EmptyStatement"/>
    <module name="MagicNumber">
      <property name="tokens" value="NUM_DOUBLE, NUM_FLOAT"/>
      <property name="ignoreNumbers" value="0, 0.5, 1"/>
    </module>
    <module name="StrictDuplicateCode">
      <property name="min" value="15"/>
    </module>
  </module>
</module>
      